-- Data for Name: publisher
INSERT INTO public.publisher (id, name, url) VALUES (1, 'Academic Press', 'www.apnet.com/');
INSERT INTO public.publisher (id, name, url) VALUES (2, 'Coriolis', 'www.coriolis.com/');
INSERT INTO public.publisher (id, name, url) VALUES (3, 'Franklin, Beedle & Associates', 'www.fbeedle.com/');
INSERT INTO public.publisher (id, name, url) VALUES (4, 'IDG Books', 'www.idgbooks.com/');
INSERT INTO public.publisher (id, name, url) VALUES (5, 'Integrated Media Group', 'www.thomson.com/rcenters/img/img.html');
INSERT INTO public.publisher (id, name, url) VALUES (6, 'McGraw-Hill', 'www.mcgraw-hill.com/');
INSERT INTO public.publisher (id, name, url) VALUES (7, 'Microsoft Press', 'www.microsoft.com/mspress/');
INSERT INTO public.publisher (id, name, url) VALUES (8, 'Netscape Press', 'www.netscapepress.com/');
INSERT INTO public.publisher (id, name, url) VALUES (9, 'New Riders', 'www.mcp.com/newriders/');
INSERT INTO public.publisher (id, name, url) VALUES (10, 'O''''Reilly', 'www.ora.com/');
INSERT INTO public.publisher (id, name, url) VALUES (11, 'Osborne/McGraw-Hill', 'www.osborne.com');
INSERT INTO public.publisher (id, name, url) VALUES (12, 'Peachpit Press', 'www.peachpit.com/');
INSERT INTO public.publisher (id, name, url) VALUES (13, 'Prentice Hall', 'www.prenhall.com/');
INSERT INTO public.publisher (id, name, url) VALUES (14, 'Que', 'www.mcp.com/que/');
INSERT INTO public.publisher (id, name, url) VALUES (15, 'Sams.net', 'www.mcp.com/samsnet/');
INSERT INTO public.publisher (id, name, url) VALUES (16, 'Waite', 'www.waite.com/waite/');
INSERT INTO public.publisher (id, name, url) VALUES (17, 'Wiley', 'www.wiley.com/');
INSERT INTO public.publisher (id, name, url) VALUES (18, 'Ziff-Davis', 'www.mcp.com/zdpress/');
-- Data for Name: book
INSERT INTO public.book (isbn, price, publish_date, title, publisher) VALUES ('1-10732-561-8', 27.95, '2010-01-01', 'Beyond HTML', NULL);
INSERT INTO public.book (isbn, price, publish_date, title, publisher) VALUES ('1-64338-033-6', 29.95, '2010-02-01', 'Advanced HTML & CGI Writers Companion', NULL);
INSERT INTO public.book (isbn, price, publish_date, title, publisher) VALUES ('1-95856-215-6', 19.99, '2010-03-01', 'Creating Cool Web Pages with HTML', NULL);
INSERT INTO public.book (isbn, price, publish_date, title, publisher) VALUES ('1-15466-871-2', 20, '2010-04-01', 'Creating Web Pages for Dummies', NULL);
INSERT INTO public.book (isbn, price, publish_date, title, publisher) VALUES ('1-10232-988-6', 24.99, '2010-05-01', 'How to Use HTML 3', NULL);
INSERT INTO public.book (isbn, price, publish_date, title, publisher) VALUES ('1-84804-602-8', 39.99, '2010-06-01', 'HTML 3 How-To', NULL);
INSERT INTO public.book (isbn, price, publish_date, title, publisher) VALUES ('1-62903-649-3', 39.99, '2010-07-01', 'HTML 3 Interactive Course', NULL);
INSERT INTO public.book (isbn, price, publish_date, title, publisher) VALUES ('1-42231-430-7', 24.95, '2010-08-01', 'HTML 3.0 Manual of Style (2nd Ed.)', NULL);
INSERT INTO public.book (isbn, price, publish_date, title, publisher) VALUES ('1-14312-213-5', 34.99, '2010-09-01', 'HTML by Example', NULL);
INSERT INTO public.book (isbn, price, publish_date, title, publisher) VALUES ('1-93483-834-9', 40, '2010-10-01', 'HTML CD- An Internet Publishing Toolkit - Windows Version', NULL);
INSERT INTO public.book (isbn, price, publish_date, title, publisher) VALUES ('1-54514-122-7', 30, '2010-11-01', 'HTML for Dummies 2nd Edition', NULL);
INSERT INTO public.book (isbn, price, publish_date, title, publisher) VALUES ('1-24103-626-5', 12.99, '2010-12-01', 'HTML For Dummies Quick Reference', NULL);
INSERT INTO public.book (isbn, price, publish_date, title, publisher) VALUES ('1-18659-541-1', 40, '2011-01-01', 'HTML For Fun and Profit: Gold Signature Edition', NULL);
INSERT INTO public.book (isbn, price, publish_date, title, publisher) VALUES ('1-08625-996-8', 17.95, '2011-02-01', 'HTML for the World Wide Web: Visual Quick Start Guide', NULL);
INSERT INTO public.book (isbn, price, publish_date, title, publisher) VALUES ('1-90873-492-2', 29.95, '2011-03-01', 'HTML In Action', NULL);
INSERT INTO public.book (isbn, price, publish_date, title, publisher) VALUES ('1-04759-750-1', 36, '2011-04-01', 'HTML Plus!', NULL);
INSERT INTO public.book (isbn, price, publish_date, title, publisher) VALUES ('1-88752-902-3', 39.95, '2011-05-01', 'HTML Publishing for Netscape, Windows Edition', NULL);
INSERT INTO public.book (isbn, price, publish_date, title, publisher) VALUES ('1-53881-752-0', 45, '2011-06-01', 'HTML Publishing on the Internet', NULL);
INSERT INTO public.book (isbn, price, publish_date, title, publisher) VALUES ('1-60431-072-5', 17.99, '2011-07-01', 'HTML Quick Reference', NULL);
INSERT INTO public.book (isbn, price, publish_date, title, publisher) VALUES ('1-43541-875-6', 30, '2011-08-01', 'HTML Sourcebook, 2nd Ed.', NULL);
INSERT INTO public.book (isbn, price, publish_date, title, publisher) VALUES ('1-49568-113-6', 15, '2011-09-01', 'HTML Visual Quick Reference', NULL);
INSERT INTO public.book (isbn, price, publish_date, title, publisher) VALUES ('1-89332-785-3', 36.95, '2011-10-01', 'HTML Web Publishers Construction Kit', NULL);
INSERT INTO public.book (isbn, price, publish_date, title, publisher) VALUES ('1-81273-187-1', 35, '2011-11-01', 'Hybrid HTML Design', NULL);
INSERT INTO public.book (isbn, price, publish_date, title, publisher) VALUES ('1-99912-118-1', 22.99, '2011-12-01', 'More HTML For Dummies', NULL);
INSERT INTO public.book (isbn, price, publish_date, title, publisher) VALUES ('1-60903-391-6', 39.99, '2012-01-01', 'Netscape and HTML EXplorer', NULL);
INSERT INTO public.book (isbn, price, publish_date, title, publisher) VALUES ('1-06834-656-1', 29.99, '2012-02-01', 'Teach Yourself More Web Publishing with HTML in a Week', NULL);
INSERT INTO public.book (isbn, price, publish_date, title, publisher) VALUES ('1-81624-951-6', 29.99, '2012-03-01', 'Teach Yourself Web Publishing with HTML 3.0 in a Week, 2e', NULL);
INSERT INTO public.book (isbn, price, publish_date, title, publisher) VALUES ('1-39194-369-2', 59.99, '2012-04-01', 'Teach Yourself Web Publishing with HTML 3.2 in 14 Days', NULL);
INSERT INTO public.book (isbn, price, publish_date, title, publisher) VALUES ('1-65477-841-1', 29.95, '2012-05-01', 'The Web Page Recipe Book', NULL);
INSERT INTO public.book (isbn, price, publish_date, title, publisher) VALUES ('1-88907-530-4', 19.95, '2012-06-01', 'The Web Page Workbook', NULL);
INSERT INTO public.book (isbn, price, publish_date, title, publisher) VALUES ('1-04106-060-1', 24.99, '2012-07-01', 'Using HTML', NULL);
INSERT INTO public.book (isbn, price, publish_date, title, publisher) VALUES ('1-76618-374-1', 29.95, '2012-08-01', 'HTML: The Definitive Guide', NULL);
INSERT INTO public.book (isbn, price, publish_date, title, publisher) VALUES ('1-34057-465-3', 34.99, '2012-09-01', 'Web Site Wizardry', NULL);
INSERT INTO public.book (isbn, price, publish_date, title, publisher) VALUES ('1-00536-692-7', 34.95, '2012-10-01', 'Webmasters Guide to HTML', NULL);
INSERT INTO public.book (isbn, price, publish_date, title, publisher) VALUES ('1-00746-009-2', 49.99, '2012-11-01', 'Using HTML Special Edition', NULL);
INSERT INTO public.book (isbn, price, publish_date, title, publisher) VALUES ('1-75953-381-7', 39.99, '2012-12-01', 'Foundations of WWW Programming with HTML and CGI', NULL);
-- Data for Name: audiobook
INSERT INTO public.audiobook (category, length, isbn) VALUES ('IT', 57, '1-15466-871-2');
INSERT INTO public.audiobook (category, length, isbn) VALUES ('IT', 34, '1-10232-988-6');
INSERT INTO public.audiobook (category, length, isbn) VALUES ('IT', 0, '1-62903-649-3');
INSERT INTO public.audiobook (category, length, isbn) VALUES ('IT', 27, '1-54514-122-7');
INSERT INTO public.audiobook (category, length, isbn) VALUES ('IT', 24, '1-90873-492-2');
INSERT INTO public.audiobook (category, length, isbn) VALUES ('IT', 86, '1-53881-752-0');
INSERT INTO public.audiobook (category, length, isbn) VALUES ('IT', 109, '1-60431-072-5');
INSERT INTO public.audiobook (category, length, isbn) VALUES ('IT', 127, '1-81273-187-1');
INSERT INTO public.audiobook (category, length, isbn) VALUES ('IT', 206, '1-99912-118-1');
INSERT INTO public.audiobook (category, length, isbn) VALUES ('IT', 158, '1-60903-391-6');
INSERT INTO public.audiobook (category, length, isbn) VALUES ('IT', 106, '1-81624-951-6');
INSERT INTO public.audiobook (category, length, isbn) VALUES ('IT', 157, '1-04106-060-1');
INSERT INTO public.audiobook (category, length, isbn) VALUES ('IT', 218, '1-34057-465-3');
INSERT INTO public.audiobook (category, length, isbn) VALUES ('IT', 98, '1-00536-692-7');
-- Data for Name: author
INSERT INTO public.author (id, firstname, lastname) VALUES (19, 'Mimi', 'Recker');
INSERT INTO public.author (id, firstname, lastname) VALUES (20, 'Tom', 'Savola');
INSERT INTO public.author (id, firstname, lastname) VALUES (21, 'Keith', 'Schengili');
INSERT INTO public.author (id, firstname, lastname) VALUES (22, 'Bud', 'Smith');
INSERT INTO public.author (id, firstname, lastname) VALUES (23, 'Barrie', 'Sosinsky');
INSERT INTO public.author (id, firstname, lastname) VALUES (24, 'Todd', 'Stauffer');
INSERT INTO public.author (id, firstname, lastname) VALUES (25, 'Davew', 'Taylor');
INSERT INTO public.author (id, firstname, lastname) VALUES (26, 'Ed', 'Tittel');
INSERT INTO public.author (id, firstname, lastname) VALUES (27, 'Janine', 'Warner');
INSERT INTO public.author (id, firstname, lastname) VALUES (28, 'John', 'Zakour');
INSERT INTO public.author (id, firstname, lastname) VALUES (29, 'Elizabeth', 'Castro');
INSERT INTO public.author (id, firstname, lastname) VALUES (30, 'Kent', 'Cearly');
INSERT INTO public.author (id, firstname, lastname) VALUES (31, 'Francis', 'Chin');
INSERT INTO public.author (id, firstname, lastname) VALUES (32, 'Kenny', 'Chu');
INSERT INTO public.author (id, firstname, lastname) VALUES (33, 'Troy', 'Downing');
INSERT INTO public.author (id, firstname, lastname) VALUES (34, 'Jeff', 'Duntemann');
INSERT INTO public.author (id, firstname, lastname) VALUES (35, 'Mike', 'Erwin');
INSERT INTO public.author (id, firstname, lastname) VALUES (36, 'Tim', 'Evans');
INSERT INTO public.author (id, firstname, lastname) VALUES (37, 'Jeff', 'Foust');
INSERT INTO public.author (id, firstname, lastname) VALUES (38, 'David', 'Fox');
INSERT INTO public.author (id, firstname, lastname) VALUES (39, 'Mark', 'Gaither');
INSERT INTO public.author (id, firstname, lastname) VALUES (40, 'Ian', 'Graham');
INSERT INTO public.author (id, firstname, lastname) VALUES (41, 'Dawn', 'Groves');
INSERT INTO public.author (id, firstname, lastname) VALUES (42, 'Stuart', 'Harris');
INSERT INTO public.author (id, firstname, lastname) VALUES (43, 'Larry', 'Aronson');
INSERT INTO public.author (id, firstname, lastname) VALUES (44, 'Scott', 'Arpajian');
INSERT INTO public.author (id, firstname, lastname) VALUES (45, 'Arthur', 'Bebak');
INSERT INTO public.author (id, firstname, lastname) VALUES (46, 'Bill', 'Brandon');
INSERT INTO public.author (id, firstname, lastname) VALUES (47, 'Mark', 'Brown');
INSERT INTO public.author (id, firstname, lastname) VALUES (48, 'Sebastian', 'Hassinger');
INSERT INTO public.author (id, firstname, lastname) VALUES (49, 'Steve', 'James');
INSERT INTO public.author (id, firstname, lastname) VALUES (50, 'John', 'Jung');
INSERT INTO public.author (id, firstname, lastname) VALUES (51, 'Ri', 'Karpinski');
INSERT INTO public.author (id, firstname, lastname) VALUES (52, 'Bill', 'Kennedy');
INSERT INTO public.author (id, firstname, lastname) VALUES (53, 'David', 'Kerven');
INSERT INTO public.author (id, firstname, lastname) VALUES (54, 'Gayle', 'Kidder');
INSERT INTO public.author (id, firstname, lastname) VALUES (55, 'Greg', 'Knauss');
INSERT INTO public.author (id, firstname, lastname) VALUES (56, 'Marianne', 'Krcma');
INSERT INTO public.author (id, firstname, lastname) VALUES (57, 'Urban', 'LeJeune');
INSERT INTO public.author (id, firstname, lastname) VALUES (58, 'Laura', 'Lemay');
INSERT INTO public.author (id, firstname, lastname) VALUES (59, 'Robert', 'Megan');
INSERT INTO public.author (id, firstname, lastname) VALUES (60, 'Mary', 'Morris');
INSERT INTO public.author (id, firstname, lastname) VALUES (61, 'Robert', 'Mullen');
INSERT INTO public.author (id, firstname, lastname) VALUES (62, 'Nathan', 'Muller');
INSERT INTO public.author (id, firstname, lastname) VALUES (63, 'Chuck', 'Musciano');
INSERT INTO public.author (id, firstname, lastname) VALUES (64, 'Vivian', 'Neou');
INSERT INTO public.author (id, firstname, lastname) VALUES (65, 'Elisabeth', 'Parker');
INSERT INTO public.author (id, firstname, lastname) VALUES (66, 'James', 'Powell');
INSERT INTO public.author (id, firstname, lastname) VALUES (67, 'Neil', 'Randall');
INSERT INTO public.author (id, firstname, lastname) VALUES (68, 'Deborah', 'Ray');
INSERT INTO public.author (id, firstname, lastname) VALUES (69, 'Eric', 'Ray');
INSERT INTO public.author (id, firstname, lastname) VALUES (70, 'Kevin', 'Ready');
-- Data for Name: book_author
INSERT INTO public.book_author (book, author) VALUES ('1-15466-871-2', 19);
INSERT INTO public.book_author (book, author) VALUES ('1-10232-988-6', 20);
INSERT INTO public.book_author (book, author) VALUES ('1-10232-988-6', 21);
INSERT INTO public.book_author (book, author) VALUES ('1-62903-649-3', 22);
INSERT INTO public.book_author (book, author) VALUES ('1-54514-122-7', 23);
INSERT INTO public.book_author (book, author) VALUES ('1-54514-122-7', 24);
INSERT INTO public.book_author (book, author) VALUES ('1-90873-492-2', 25);
INSERT INTO public.book_author (book, author) VALUES ('1-53881-752-0', 26);
INSERT INTO public.book_author (book, author) VALUES ('1-53881-752-0', 27);
INSERT INTO public.book_author (book, author) VALUES ('1-60431-072-5', 28);
INSERT INTO public.book_author (book, author) VALUES ('1-81273-187-1', 29);
INSERT INTO public.book_author (book, author) VALUES ('1-81273-187-1', 30);
INSERT INTO public.book_author (book, author) VALUES ('1-99912-118-1', 31);
INSERT INTO public.book_author (book, author) VALUES ('1-60903-391-6', 32);
INSERT INTO public.book_author (book, author) VALUES ('1-60903-391-6', 33);
INSERT INTO public.book_author (book, author) VALUES ('1-81624-951-6', 34);
INSERT INTO public.book_author (book, author) VALUES ('1-04106-060-1', 35);
INSERT INTO public.book_author (book, author) VALUES ('1-04106-060-1', 36);
INSERT INTO public.book_author (book, author) VALUES ('1-34057-465-3', 37);
INSERT INTO public.book_author (book, author) VALUES ('1-00536-692-7', 38);
INSERT INTO public.book_author (book, author) VALUES ('1-00536-692-7', 39);
INSERT INTO public.book_author (book, author) VALUES ('1-88907-530-4', 40);
INSERT INTO public.book_author (book, author) VALUES ('1-89332-785-3', 41);
INSERT INTO public.book_author (book, author) VALUES ('1-89332-785-3', 42);
INSERT INTO public.book_author (book, author) VALUES ('1-04759-750-1', 43);
INSERT INTO public.book_author (book, author) VALUES ('1-24103-626-5', 44);
INSERT INTO public.book_author (book, author) VALUES ('1-24103-626-5', 45);
INSERT INTO public.book_author (book, author) VALUES ('1-76618-374-1', 46);
INSERT INTO public.book_author (book, author) VALUES ('1-06834-656-1', 47);
INSERT INTO public.book_author (book, author) VALUES ('1-06834-656-1', 48);
INSERT INTO public.book_author (book, author) VALUES ('1-18659-541-1', 49);
INSERT INTO public.book_author (book, author) VALUES ('1-49568-113-6', 50);
INSERT INTO public.book_author (book, author) VALUES ('1-49568-113-6', 51);
INSERT INTO public.book_author (book, author) VALUES ('1-88752-902-3', 52);
INSERT INTO public.book_author (book, author) VALUES ('1-93483-834-9', 53);
INSERT INTO public.book_author (book, author) VALUES ('1-93483-834-9', 54);
INSERT INTO public.book_author (book, author) VALUES ('1-65477-841-1', 55);
INSERT INTO public.book_author (book, author) VALUES ('1-14312-213-5', 56);
INSERT INTO public.book_author (book, author) VALUES ('1-14312-213-5', 57);
INSERT INTO public.book_author (book, author) VALUES ('1-43541-875-6', 58);
INSERT INTO public.book_author (book, author) VALUES ('1-08625-996-8', 59);
INSERT INTO public.book_author (book, author) VALUES ('1-08625-996-8', 60);
INSERT INTO public.book_author (book, author) VALUES ('1-42231-430-7', 61);
INSERT INTO public.book_author (book, author) VALUES ('1-84804-602-8', 62);
INSERT INTO public.book_author (book, author) VALUES ('1-84804-602-8', 63);
INSERT INTO public.book_author (book, author) VALUES ('1-75953-381-7', 64);
INSERT INTO public.book_author (book, author) VALUES ('1-64338-033-6', 65);
INSERT INTO public.book_author (book, author) VALUES ('1-64338-033-6', 66);
INSERT INTO public.book_author (book, author) VALUES ('1-10732-561-8', 67);
INSERT INTO public.book_author (book, author) VALUES ('1-95856-215-6', 68);
INSERT INTO public.book_author (book, author) VALUES ('1-95856-215-6', 69);
INSERT INTO public.book_author (book, author) VALUES ('1-00746-009-2', 70);
INSERT INTO public.book_author (book, author) VALUES ('1-39194-369-2', 19);
INSERT INTO public.book_author (book, author) VALUES ('1-39194-369-2', 20);
-- Data for Name: ebook
INSERT INTO public.ebook (url, isbn) VALUES ('db.www.idgbooks.com', '1-10732-561-8');
INSERT INTO public.ebook (url, isbn) VALUES ('www.microsoft.com', '1-64338-033-6');
INSERT INTO public.ebook (url, isbn) VALUES ('db.www.idgbooks.com', '1-95856-215-6');
INSERT INTO public.ebook (url, isbn) VALUES ('db.www.idgbooks.com', '1-84804-602-8');
INSERT INTO public.ebook (url, isbn) VALUES ('www.microsoft.com', '1-42231-430-7');
INSERT INTO public.ebook (url, isbn) VALUES ('db.www.idgbooks.com', '1-14312-213-5');
INSERT INTO public.ebook (url, isbn) VALUES ('w3.waite.com', '1-93483-834-9');
INSERT INTO public.ebook (url, isbn) VALUES ('www.coriolis.com', '1-24103-626-5');
INSERT INTO public.ebook (url, isbn) VALUES ('w3.waite.com', '1-18659-541-1');
INSERT INTO public.ebook (url, isbn) VALUES ('www.microsoft.com', '1-08625-996-8');
INSERT INTO public.ebook (url, isbn) VALUES ('www.coriolis.com', '1-04759-750-1');
INSERT INTO public.ebook (url, isbn) VALUES ('w3.waite.com', '1-88752-902-3');
INSERT INTO public.ebook (url, isbn) VALUES ('w3.waite.com', '1-43541-875-6');
INSERT INTO public.ebook (url, isbn) VALUES ('www.microsoft.com', '1-49568-113-6');
INSERT INTO public.ebook (url, isbn) VALUES ('w3.waite.com', '1-89332-785-3');
INSERT INTO public.ebook (url, isbn) VALUES ('w3.waite.com', '1-06834-656-1');
INSERT INTO public.ebook (url, isbn) VALUES ('www.microsoft.com', '1-39194-369-2');
INSERT INTO public.ebook (url, isbn) VALUES ('www.coriolis.com', '1-65477-841-1');
INSERT INTO public.ebook (url, isbn) VALUES ('w3.waite.com', '1-88907-530-4');
INSERT INTO public.ebook (url, isbn) VALUES ('w3.waite.com', '1-76618-374-1');
INSERT INTO public.ebook (url, isbn) VALUES ('w3.waite.com', '1-00746-009-2');
INSERT INTO public.ebook (url, isbn) VALUES ('www.coriolis.com', '1-75953-381-7');
